id.exposure,id.outcome,exposure,outcome,method,nsnp,b,se,pval,lo_ci,up_ci,or,or_lci95,or_uci95,group
ebi-a-GCST006942,ebi-a-GCST009981,Feeling lonely,Major depressive disorder in trauma-unexposed individuals,Inverse variance weighted,54,0.513906607023905,0.231109415238184,0.0261719563139696,0.0609321531570635,0.966881060890746,1.6718095572749,1.06282680229782,2.62972968855608,Exposure to Outcome
ebi-a-GCST006942,ieu-b-142,Feeling lonely,Cigarettes smoked per day,Inverse variance weighted,50,0.239145773667978,0.0738161133966417,0.00119634425246295,0.0944661914105603,0.383825355925396,1.27016367950752,1.09907200443069,1.46788906116826,Exposure to Mediation
ieu-b-142,ebi-a-GCST009981,Cigarettes smoked per day,Major depressive disorder in trauma-unexposed individuals,Inverse variance weighted,75,0.168206598252137,0.0669794597383783,0.0120281924774838,0.0369268571649153,0.299486339339358,1.18318102853124,1.03761712380436,1.34916561625693,Mediation to Outcome
ebi-a-GCST009981,ebi-a-GCST006942,Major depressive disorder in trauma-unexposed individuals,Feeling lonely,Inverse variance weighted,12,-0.00686821516455531,0.00824088767997408,0.404601430263022,-0.0230203550173045,0.00928392468819388,0.993155317119467,0.97724259178096,1.00932715399264,Outcome to Exposure
